wavelength,species,ep,gf,HD17051,HD28635,Vesta
4389.245,26,0.052,-4.583,64,60.6,73
4445.471,26,0.087,-5.441,26.5,25.3,40.6
4602.001,26,1.608,-3.154,66.8,65.2,72
4690.14,26,3.69,-1.61,54.2,53.7,57.1
4788.76,26,3.24,-1.73,64.4,63.2,66.7
4799.41,26,3.64,-2.13,31.1,31.4,35.3
4808.15,26,3.25,-2.69,22.8,22,27.3
4950.1,26,3.42,-1.56,67.2,63.3,73.9
4994.129,26,0.915,-3.08,99,97.4,105.5
5141.74,26,2.42,-2.23,82,79.2,89.8
5198.71,26,2.22,-2.14,92,90.1,96.8
5225.525,26,0.11,-4.789,58.9,57.2,72.3
5242.49,26,3.63,-0.99,85.6,84.5,86.7
5247.05,26,0.087,-4.961,52.3,50.3,67
5250.208,26,0.121,-4.938,50.7,50,67.9
5295.31,26,4.42,-1.59,27.9,28.2,29.1
5373.71,26,4.47,-0.74,63.3,62.7,63.4
5379.57,26,3.69,-1.51,58.4,57.2,61.4
5386.33,26,4.15,-1.67,29.7,29.7,32.4
5441.34,26,4.31,-1.63,29.1,28.3,32.4
5466.396,26,4.371,-0.565,78.9,78.6,78.1
5466.987,26,3.573,-2.23,32.2,31.5,34.4
5491.832,26,4.186,-2.188,11,10.3,12.8
5560.21,26,4.43,-1.09,50.4,49.5,51.6
5618.63,26,4.21,-1.27,48.7,48.7,50
5638.26,26,4.22,-0.77,76.5,75.4,77.8
5651.469,26,4.473,-1.75,17.1,16.4,18.2
5679.023,26,4.652,-0.75,59.2,57.3,60
5701.544,26,2.559,-2.163,78.8,77.2,84.7
5705.464,26,4.301,-1.355,36.8,37.1,38.6
5731.76,26,4.26,-1.2,56.8,55.6,58.1
5775.08,26,4.22,-1.3,57.1,56.1,59.2
5778.453,26,2.588,-3.44,16.5,15.1,22
5784.658,26,3.396,-2.532,22.8,21.3,26.8
5793.914,26,4.22,-1.619,33.2,32.4,34.3
5806.73,26,4.61,-0.95,52.9,52.6,53.7
5852.22,26,4.55,-1.23,39.1,37.9,40.3
5855.076,26,4.608,-1.478,21.2,21,22.2
5930.18,26,4.65,-0.17,91,90.7,89.1
5934.65,26,3.93,-1.07,73.8,70.1,76.7
5956.694,26,0.859,-4.552,39,36.3,50.8
5987.065,26,4.795,-0.212,69,66.9,67.5
6003.01,26,3.88,-1.06,81,78.7,81.4
6005.541,26,2.588,-3.43,17.7,17.8,22.8
6027.05,26,4.076,-1.09,63.5,61.6,64.1
6056,26,4.73,-0.4,72.6,71.2,72.5
6065.482,26,2.609,-1.53,112.4,109.9,117.9
6079.01,26,4.65,-1.02,45,43.9,45.7
6082.71,26,2.22,-3.57,26.8,25.7,34.3
6093.644,26,4.607,-1.3,28.7,28.2,30.6
6096.665,26,3.984,-1.81,33.7,32.9,37.7
6151.618,26,2.176,-3.282,41.2,39.3,49.9
6165.36,26,4.143,-1.46,43,42.9,44.7
6173.335,26,2.223,-2.88,62.7,61,68.3
6187.99,26,3.94,-1.62,43.3,41.5,47.6
6200.313,26,2.609,-2.416,68.3,65.8,73.1
6213.43,26,2.223,-2.52,77.6,76.4,82.3
6219.28,26,2.2,-2.43,85.4,84.4,89.3
6226.736,26,3.883,-2.1,26.2,25.6,29
6232.64,26,3.65,-1.22,81.4,78.8,84.5
6240.646,26,2.223,-3.287,40.9,38.5,49
6265.134,26,2.176,-2.547,80.5,78.5,85.7
6271.279,26,3.332,-2.703,21.6,20.4,22.9
6322.69,26,2.59,-2.43,69,69.2,75.5
6380.74,26,4.19,-1.32,50,49.1,52.2
6392.539,26,2.279,-4.03,11.2,10.7,17
6430.846,26,2.176,-2.006,105.8,103.5,112.6
6498.939,26,0.958,-4.695,34.5,31,46.2
6593.871,26,2.433,-2.394,78.1,78.4,84.7
6597.56,26,4.8,-0.97,42.9,41.8,43.7
6625.022,26,1.011,-5.336,9.5,8.3,15.2
6703.567,26,2.759,-3.023,30.6,29.6,36.7
6705.102,26,4.607,-0.98,44.8,44.3,46.8
6710.319,26,1.485,-4.88,9.5,9.1,15.6
6713.745,26,4.795,-1.4,20.3,19.2,21
6725.357,26,4.103,-2.19,15.1,15.6,17.4
6726.667,26,4.607,-1.03,45.9,45.4,46.8
6733.151,26,4.638,-1.47,24.8,24.3,26.2
6739.522,26,1.557,-4.794,7.9,7.9,11.5
6750.152,26,2.424,-2.621,67.7,65,74
6793.259,26,4.076,-2.326,11.8,11.3,12.6
6806.845,26,2.727,-3.11,27.7,25.7,34.3
6810.263,26,4.607,-0.986,49.4,48.8,49.8
6837.006,26,4.593,-1.687,16.3,16.2,17.1
6839.83,26,2.559,-3.35,23.9,22.5,29.4
6843.66,26,4.55,-0.83,57.8,56.3,60.6
6858.15,26,4.61,-0.94,51.6,49.7,51.7
4491.4,26.1,2.856,-2.66,88.9,90.8,78
4508.29,26.1,2.856,-2.52,102.6,105.1,85.8
4576.333,26.1,2.844,-2.95,74.5,75,63.3
4620.513,26.1,2.828,-3.21,65.7,65,51.6
4993.34,26.1,2.81,-3.73,46.6,48.1,37.8
5197.577,26.1,3.231,-2.22,101.2,101.9,81
5234.624,26.1,3.221,-2.18,101.4,102.9,82.7
5264.804,26.1,3.23,-3.13,54.8,57.7,44.9
5414.072,26.1,3.221,-3.58,37.1,38.5,26.5
5425.257,26.1,3.2,-3.22,53.7,54.7,41.8
6084.09,26.1,3.2,-3.83,29.5,30.2,20.8
6149.24,26.1,3.89,-2.75,50.7,51.5,36.2
6247.55,26.1,3.89,-2.38,71.8,71.7,52.2
6369.462,26.1,2.891,-4.11,26.3,27.5,18.4
6416.92,26.1,3.89,-2.75,52,53.9,39.8
6432.676,26.1,2.891,-3.57,53.7,56.9,40.4
6456.383,26.1,3.9036,-2.05,82.9,82.6,63.5
5052.167,6,7.685,-1.304,50.2,53.5,
5380.3369,6,7.685,-1.615,33.3,35.2,
6587.6099,6,8.537,-1.021,24.4,26.6,
4218.723,106,0.413,-1.008,54.7,51.6,
7771.9438,8,9.146,0.352,112.5,118.6,
7774.1611,8,9.146,0.223,97.6,100,
7775.3901,8,9.146,0.002,78.6,83,
5682.64,11,2.1,-0.77,104.4,104.3,
5688.21,11,2.1,-0.48,118.5,117.4,
6154.2251,11,2.102,-1.547,34.1,32.3,
6160.7471,11,2.104,-1.246,49.8,48.2,
4730.04,12,4.34,-2.39,61,60.5,
5711.0879,12,4.345,-1.729,98,95.8,
5557.07,13,3.14,-2.21,10.2,10,
6696.0181,13,3.143,-1.481,31.1,30.8,
6698.667,13,3.143,-1.782,18,17.2,
5488.983,14,5.614,-1.69,20.7,19.8,
5517.54,14,5.08,-2.496,13.5,13.7,
5645.6128,14,4.93,-2.043,36.8,35.9,
5665.554,14,4.92,-1.94,41.8,41.2,
5690.4248,14,4.93,-1.773,50.3,50.3,
5701.105,14,4.93,-1.953,40.1,39.2,
5753.64,14,5.62,-1.333,55.9,54.6,
5772.145,14,5.082,-1.653,58.5,56.9,
5793.0732,14,4.93,-1.963,48.4,48.5,
5797.87,14,4.95,-1.912,44.1,44.4,
5948.54,14,5.08,-1.208,92.3,89.1,
6125.03,14,5.61,-1.51,37.4,36.5,
6142.49,14,5.62,-1.54,39.5,37.7,
6145.02,14,5.61,-1.48,43.9,42,
6155.14,14,5.62,-0.72,89.9,86,
6195.46,14,5.87,-1.666,21.1,19.7,
6237.33,14,5.61,-1.116,70.9,68.4,
6243.82,14,5.62,-1.31,53.4,51,
6244.48,14,5.61,-1.36,50.8,49.1,
6527.21,14,5.87,-1.227,49.1,46.9,
6721.84,14,5.863,-1.06,50.4,49.8,
6741.64,14,5.984,-1.653,19.1,19.6,
4694.1128,16,6.525,-1.673,16.1,17.9,
4695.4429,16,6.525,-1.829,10.8,11.2,
6052.656,16,7.87,-0.4,19.7,20.3,
6757.1709,16,7.87,-0.353,27.6,29.7,
5261.71,20,2.52,-0.677,97,96.2,
5349.47,20,2.71,-0.581,90.7,89.4,
5512.98,20,2.93,-0.559,87.4,85,
5581.97,20,2.52,-0.63,94.8,92.8,
5590.12,20,2.52,-0.65,90.5,89.2,
5867.562,20,2.933,-1.57,22.1,21.2,
6161.2969,20,2.523,-1.266,57.6,55.1,
6163.755,20,2.521,-1.286,60.6,59.6,
6166.439,20,2.521,-1.142,67.3,65.3,
6169.042,20,2.523,-0.797,89.6,86.8,
6169.55,20,2.52,-0.58,109.9,105.7,
6449.82,20,2.52,-0.733,97.6,94.5,
6455.5981,20,2.523,-1.34,53.4,51.3,
6471.6621,20,2.526,-0.686,92.8,90.1,
6499.6499,20,2.523,-0.818,86,84.1,
6572.8,20,0,-4.28,20.3,19.2,
4743.8208,21,1.448,0.422,5.2,4.9,
5520.5,21,1.87,0.562,5.1,4.9,
5671.8281,21,1.448,0.495,11.2,10.7,
5686.856,21,1.439,0.376,7.2,7,
5526.82,21.1,1.77,0.14,84.4,84.2,
5657.88,21.1,1.51,-0.326,75.1,75.8,
5667.14,21.1,1.5,-1.025,38.8,38.2,
5669.055,21.1,1.5,-1.2,43.9,43.9,
6245.6411,21.1,1.507,-1.036,37.2,36.8,
6320.843,21.1,1.5,-1.923,7.9,8.4,
6604.5781,21.1,1.357,-1.309,39.1,39,
4518.023,22,0.83,-0.27,63.8,61.1,
4562.64,22,0.02,-2.6,5.6,5.6,
4617.28,22,1.75,0.45,56.4,54.4,
4623.1,22,1.74,0.17,50.9,48.8,
4645.19,22,1.73,-0.666,15.7,14.6,
4656.47,22,0,-1.308,60.8,61.1,
4675.11,22,1.07,-0.939,28.8,28,
4758.118,22,2.249,0.481,35.7,34.1,
4759.269,22,2.256,0.57,39.1,37.7,
4778.258,22,2.236,-0.22,11.2,10.9,
4820.41,22,1.5,-0.39,33.4,32,
4840.88,22,0.9,-0.45,56.9,53.6,
4858.14,22,4.102,-0.14,26.6,23.8,
4997.1,22,0,-2.174,19.2,17,
4999.5,22,0.83,0.27,97.9,95,
5016.162,22,0.85,-0.52,54.5,52.1,
5022.866,22,0.826,-0.378,63.2,61.2,
5024.85,22,0.818,-0.56,61.8,59.7,
5039.96,22,0.02,-1.199,64.6,60.7,
5064.06,22,2.69,-0.471,3.7,4,
5071.49,22,1.46,-0.797,24.4,24,
5113.439,22,1.443,-0.727,18.8,18.2,
5147.477,22,0,-1.956,20.1,18.7,
5152.184,22,0.021,-1.968,22.5,21.9,
5192.97,22,0.02,-0.99,72.7,69.3,
5210.38,22,0.05,-0.85,77.6,75,
5223.62,22,2.092,-0.49,10.3,10.7,
5224.304,22,2.134,0.13,38.9,34,
5295.774,22,1.067,-1.577,8.4,8.3,
5299.98,22,1.05,-1.47,21.7,22.4,
5471.2,22,1.44,-1.4,5,5.4,
5490.147,22,1.46,-0.877,14.8,14.6,
5648.57,22,2.49,-0.41,7.1,7.4,
5662.147,22,2.318,0.01,20.5,18.2,
5689.459,22,2.297,-0.36,8.7,8.3,
5702.658,22,2.292,-0.59,4.3,3.7,
5766.33,22,3.29,0.326,8.1,7.9,
5866.452,22,1.066,-0.84,35.9,33.3,
5953.17,22,1.89,-0.27,30.3,29.9,
5965.84,22,1.88,-0.492,22.8,23.6,
5978.55,22,1.87,-0.602,16.6,15.9,
6064.63,22,1.05,-1.941,4.9,5.1,
6091.18,22,2.267,-0.37,10.4,10,
6126.217,22,1.066,-1.424,14.9,15.6,
6258.099,22,1.443,-0.299,39.8,39,
6258.7,22,1.46,-0.19,58.3,56.1,
6261.101,22,1.429,-0.479,38.1,35.3,
6312.234,22,1.46,-1.496,4.3,3.6,
4444.536,22.1,1.116,-2.21,69.9,69.5,
4583.4086,22.1,1.165,-2.87,33.1,34.3,
4609.2653,22.1,1.18,-3.43,15.3,15.9,
4636.32,22.1,1.165,-3.02,21.3,21.7,
4657.212,22.1,1.243,-2.32,57.6,56.9,
4708.6621,22.1,1.237,-2.37,54,54.4,
4719.533,22.1,1.243,-3.28,11.7,12.6,
4798.5315,22.1,1.08,-2.67,47.7,47.5,
4865.6114,22.1,1.116,-2.81,42.9,41.2,
4874.014,22.1,3.095,-0.8,41.5,42.5,
4911.2,22.1,3.12,-0.61,61.2,61,
5154.08,22.1,1.57,-1.75,84,83.3,
5211.53,22.1,2.59,-1.16,39.8,40.6,
5381.0211,22.1,1.566,-1.97,67.2,65.7,
5418.7675,22.1,1.582,-2.11,55.4,54.3,
5490.69,22.1,1.566,-2.43,25.1,25.6,
6606.979,22.1,2.061,-2.76,9.9,9.7,
4594.093,23,0.068,-2.096,32.8,30.4,
-4594.096,23,0.068,-2.548,0,0,
-4594.096,23,0.068,-1.978,0,0,
-4594.101,23,0.068,-3.548,0,0,
-4594.101,23,0.068,-2.337,0,0,
-4594.101,23,0.068,-1.86,0,0,
-4594.107,23,0.068,-3.342,0,0,
-4594.107,23,0.068,-2.241,0,0,
-4594.107,23,0.068,-1.748,0,0,
-4594.115,23,0.068,-3.313,0,0,
-4594.115,23,0.068,-2.205,0,0,
-4594.115,23,0.068,-1.644,0,0,
-4594.125,23,0.068,-3.393,0,0,
-4594.125,23,0.068,-2.221,0,0,
-4594.125,23,0.068,-1.548,0,0,
-4594.136,23,0.068,-3.585,0,0,
-4594.136,23,0.068,-2.303,0,0,
-4594.136,23,0.068,-1.458,0,0,
-4594.149,23,0.068,-3.974,0,0,
-4594.149,23,0.068,-2.521,0,0,
-4594.149,23,0.068,-1.374,0,0,
4875.462,23,0.04,-2.616,30.3,28.4,
-4875.464,23,0.04,-2.331,0,0,
-4875.464,23,0.04,-2.586,0,0,
-4875.468,23,0.04,-2.586,0,0,
-4875.468,23,0.04,-2.143,0,0,
-4875.468,23,0.04,-2.637,0,0,
-4875.474,23,0.04,-2.198,0,0,
-4875.474,23,0.04,-2.052,0,0,
-4875.474,23,0.04,-2.762,0,0,
-4875.481,23,0.04,-1.943,0,0,
-4875.481,23,0.04,-2.03,0,0,
-4875.481,23,0.04,-2.984,0,0,
-4875.491,23,0.04,-1.745,0,0,
-4875.491,23,0.04,-2.084,0,0,
-4875.491,23,0.04,-3.394,0,0,
-4875.503,23,0.04,-1.581,0,0,
-4875.503,23,0.04,-2.28,0,0,
-4875.517,23,0.04,-1.44,0,0,
4881.499,23,0.0686,-3.639,36.3,33.9,
-4881.5122,23,0.0686,-2.338,0,0,
-4881.522,23,0.0686,-3.241,0,0,
-4881.5259,23,0.0686,-1.33,0,0,
-4881.5327,23,0.0686,-2.127,0,0,
-4881.542,23,0.0686,-3.037,0,0,
-4881.5459,23,0.0686,-1.435,0,0,
-4881.5508,23,0.0686,-2.054,0,0,
-4881.5591,23,0.0686,-2.94,0,0,
-4881.562,23,0.0686,-1.551,0,0,
-4881.5659,23,0.0686,-2.048,0,0,
-4881.5728,23,0.0686,-2.94,0,0,
-4881.5752,23,0.0686,-1.68,0,0,
-4881.5781,23,0.0686,-2.095,0,0,
-4881.584,23,0.0686,-3.095,0,0,
-4881.585,23,0.0686,-1.826,0,0,
-4881.5869,23,0.0686,-2.2,0,0,
-4881.5928,23,0.0686,-1.996,0,0,
-4881.5928,23,0.0686,-2.396,0,0,
-4881.5972,23,0.0686,-2.2,0,0,
-4881.5977,23,0.0686,-2.463,0,0,
5670.832,23,1.08,-3.402,11.4,10.8,
-5670.832,23,1.08,-2.101,0,0,
-5670.832,23,1.08,-1.093,0,0,
-5670.844,23,1.08,-3.004,0,0,
-5670.844,23,1.08,-1.891,0,0,
-5670.844,23,1.08,-1.198,0,0,
-5670.854,23,1.08,-2.8,0,0,
-5670.854,23,1.08,-1.817,0,0,
-5670.854,23,1.08,-1.314,0,0,
-5670.863,23,1.08,-2.703,0,0,
-5670.863,23,1.08,-1.811,0,0,
-5670.863,23,1.08,-1.443,0,0,
-5670.87,23,1.08,-2.703,0,0,
-5670.87,23,1.08,-1.858,0,0,
-5670.87,23,1.08,-1.589,0,0,
-5670.875,23,1.08,-2.858,0,0,
-5670.875,23,1.08,-1.963,0,0,
-5670.875,23,1.08,-1.759,0,0,
-5670.878,23,1.08,-2.159,0,0,
-5670.878,23,1.08,-1.963,0,0,
-5670.88,23,1.08,-2.226,0,0,
5703.5552,23,1.0509,-0.779,21.6,20.9,
-5703.5688,23,1.0509,-0.995,0,0,
-5703.5688,23,1.0509,-1.405,0,0,
-5703.5796,23,1.0509,-1.244,0,0,
-5703.5796,23,1.0509,-1.278,0,0,
-5703.5811,23,1.0509,-2.27,0,0,
-5703.5889,23,1.0509,-1.717,0,0,
-5703.5889,23,1.0509,-1.252,0,0,
-5703.5898,23,1.0509,-1.842,0,0,
-5703.5962,23,1.0509,-1.592,0,0,
-5703.5962,23,1.0509,-1.416,0,0,
-5703.6011,23,1.0509,-1.416,0,0,
5727.027,23,1.081,-2.993,24.7,23.5,
-5727.027,23,1.081,-1.692,0,0,
-5727.027,23,1.081,-0.684,0,0,
-5727.039,23,1.081,-2.595,0,0,
-5727.039,23,1.081,-1.481,0,0,
-5727.039,23,1.081,-0.789,0,0,
-5727.049,23,1.081,-2.391,0,0,
-5727.049,23,1.081,-1.408,0,0,
-5727.049,23,1.081,-0.905,0,0,
-5727.058,23,1.081,-2.294,0,0,
-5727.058,23,1.081,-1.402,0,0,
-5727.058,23,1.081,-1.034,0,0,
-5727.065,23,1.081,-2.294,0,0,
-5727.065,23,1.081,-1.449,0,0,
-5727.065,23,1.081,-1.18,0,0,
-5727.07,23,1.081,-2.449,0,0,
-5727.07,23,1.081,-1.554,0,0,
-5727.07,23,1.081,-1.35,0,0,
-5727.074,23,1.081,-1.75,0,0,
-5727.074,23,1.081,-1.554,0,0,
-5727.076,23,1.081,-1.817,0,0,
5737.0269,23,1.0636,-1.382,8.3,7.7,
-5737.0366,23,1.0636,-2.081,0,0,
-5737.041,23,1.0636,-2.081,0,0,
-5737.0508,23,1.0636,-1.674,0,0,
-5737.0586,23,1.0636,-1.9,0,0,
-5737.063,23,1.0636,-1.9,0,0,
-5737.0708,23,1.0636,-2.08,0,0,
-5737.0771,23,1.0636,-1.869,0,0,
-5737.0801,23,1.0636,-1.869,0,0,
-5737.0859,23,1.0636,-2.797,0,0,
-5737.0908,23,1.0636,-1.933,0,0,
-5737.0928,23,1.0636,-1.933,0,0,
-5737.0977,23,1.0636,-4.04,0,0,
-5737.1006,23,1.0636,-2.132,0,0,
-5737.1035,23,1.0636,-2.132,0,0,
-5737.1055,23,1.0636,-2.387,0,0,
6039.727,23,1.063,-1.854,8.1,8.1,
-6039.729,23,1.063,-1.854,0,0,
-6039.73,23,1.063,-2.03,0,0,
-6039.733,23,1.063,-1.69,0,0,
-6039.733,23,1.063,-2.155,0,0,
-6039.734,23,1.063,-2.28,0,0,
-6039.738,23,1.063,-1.682,0,0,
-6039.738,23,1.063,-1.716,0,0,
-6039.739,23,1.063,-2.708,0,0,
-6039.744,23,1.063,-1.843,0,0,
-6039.744,23,1.063,-1.433,0,0,
-6039.751,23,1.063,-1.217,0,0,
6081.417,23,1.051,-1.66,10.4,10.2,
-6081.417,23,1.051,-1.484,0,0,
-6081.427,23,1.051,-1.484,0,0,
-6081.428,23,1.051,-1.359,0,0,
-6081.442,23,1.051,-1.359,0,0,
-6081.442,23,1.051,-1.677,0,0,
-6081.442,23,1.051,-1.472,0,0,
-6081.46,23,1.051,-1.472,0,0,
6090.199,23,1.08,-0.692,22.1,21,
-6090.207,23,1.08,-0.833,0,0,
-6090.213,23,1.08,-0.997,0,0,
-6090.213,23,1.08,-1.532,0,0,
-6090.218,23,1.08,-1.195,0,0,
-6090.218,23,1.08,-1.336,0,0,
-6090.223,23,1.08,-1.45,0,0,
-6090.223,23,1.08,-1.282,0,0,
-6090.225,23,1.08,-2.646,0,0,
-6090.226,23,1.08,-1.304,0,0,
-6090.227,23,1.08,-1.838,0,0,
-6090.228,23,1.08,-2.236,0,0,
-6090.229,23,1.08,-1.394,0,0,
-6090.231,23,1.08,-1.583,0,0,
-6090.231,23,1.08,-2.014,0,0,
-6090.232,23,1.08,-1.889,0,0,
-6090.233,23,1.08,-1.868,0,0,
-6090.233,23,1.08,-1.838,0,0,
6135.3418,23,1.0509,-1.552,6.1,5.9,
-6135.3418,23,1.0509,-1.531,0,0,
-6135.3428,23,1.0509,-1.677,0,0,
-6135.3818,23,1.0509,-2.008,0,0,
-6135.3818,23,1.0509,-1.531,0,0,
-6135.3833,23,1.0509,-1.21,0,0,
6199.155,23,0.286,-1.958,9.8,9.2,
-6199.173,23,0.286,-2.063,0,0,
-6199.188,23,0.286,-2.179,0,0,
-6199.203,23,0.286,-2.308,0,0,
-6199.207,23,0.286,-2.966,0,0,
-6199.215,23,0.286,-2.454,0,0,
-6199.218,23,0.286,-2.755,0,0,
-6199.226,23,0.286,-2.624,0,0,
-6199.227,23,0.286,-2.682,0,0,
-6199.235,23,0.286,-2.676,0,0,
-6199.236,23,0.286,-2.828,0,0,
-6199.241,23,0.286,-2.723,0,0,
-6199.244,23,0.286,-3.091,0,0,
-6199.246,23,0.286,-2.828,0,0,
-6199.249,23,0.286,-3.024,0,0,
-6199.252,23,0.286,-4.267,0,0,
-6199.256,23,0.286,-3.869,0,0,
-6199.259,23,0.286,-3.723,0,0,
-6199.259,23,0.286,-3.665,0,0,
-6199.26,23,0.286,-3.568,0,0,
-6199.261,23,0.286,-3.568,0,0,
6216.3252,23,0.2753,-1.46,31.6,30.3,
-6216.3428,23,0.2753,-1.601,0,0,
-6216.3579,23,0.2753,-1.765,0,0,
-6216.3721,23,0.2753,-2.3,0,0,
-6216.3721,23,0.2753,-1.963,0,0,
-6216.3828,23,0.2753,-2.104,0,0,
-6216.3843,23,0.2753,-2.218,0,0,
-6216.3921,23,0.2753,-2.05,0,0,
-6216.3955,23,0.2753,-2.606,0,0,
-6216.3989,23,0.2753,-2.072,0,0,
-6216.4038,23,0.2753,-2.163,0,0,
-6216.4082,23,0.2753,-2.351,0,0,
-6216.4111,23,0.2753,-3.414,0,0,
-6216.415,23,0.2753,-2.636,0,0,
-6216.416,23,0.2753,-3.004,0,0,
-6216.418,23,0.2753,-2.606,0,0,
-6216.418,23,0.2753,-2.782,0,0,
-6216.4189,23,0.2753,-2.657,0,0,
6224.4609,23,0.2866,-3.519,26.7,25.6,
-6224.4707,23,0.2866,-3.315,0,0,
-6224.48,23,0.2866,-3.25,0,0,
-6224.4893,23,0.2866,-3.257,0,0,
-6224.4961,23,0.2866,-2.616,0,0,
-6224.4961,23,0.2866,-3.323,0,0,
-6224.501,23,0.2866,-2.803,0,0,
-6224.5029,23,0.2866,-3.461,0,0,
-6224.5049,23,0.2866,-3.022,0,0,
-6224.5078,23,0.2866,-3.285,0,0,
-6224.5098,23,0.2866,-3.741,0,0,
-6224.5112,23,0.2866,-3.616,0,0,
-6224.5127,23,0.2866,-4.063,0,0,
-6224.5146,23,0.2866,-4.762,0,0,
-6224.5205,23,0.2866,-3.741,0,0,
-6224.5239,23,0.2866,-3.461,0,0,
-6224.5283,23,0.2866,-3.323,0,0,
-6224.5312,23,0.2866,-3.257,0,0,
-6224.5332,23,0.2866,-3.25,0,0,
-6224.5342,23,0.2866,-3.315,0,0,
-6224.5352,23,0.2866,-3.519,0,0,
6251.771,23,0.286,-2.924,8,7.4,
-6251.788,23,0.286,-2.72,0,0,
-6251.804,23,0.286,-2.655,0,0,
-6251.806,23,0.286,-2.021,0,0,
-6251.817,23,0.286,-2.662,0,0,
-6251.818,23,0.286,-2.208,0,0,
-6251.829,23,0.286,-2.728,0,0,
-6251.829,23,0.286,-2.427,0,0,
-6251.837,23,0.286,-2.69,0,0,
-6251.839,23,0.286,-2.866,0,0,
-6251.844,23,0.286,-3.021,0,0,
-6251.848,23,0.286,-3.146,0,0,
-6251.849,23,0.286,-3.468,0,0,
-6251.853,23,0.286,-4.167,0,0,
-6251.853,23,0.286,-2.924,0,0,
-6251.859,23,0.286,-3.146,0,0,
-6251.859,23,0.286,-2.72,0,0,
-6251.862,23,0.286,-2.655,0,0,
-6251.863,23,0.286,-2.866,0,0,
-6251.864,23,0.286,-2.728,0,0,
-6251.864,23,0.286,-2.662,0,0,
6285.098,23,0.275,-3.568,6.8,6,
-6285.117,23,0.275,-3.14,0,0,
-6285.122,23,0.275,-2.703,0,0,
-6285.134,23,0.275,-2.89,0,0,
-6285.137,23,0.275,-2.542,0,0,
-6285.148,23,0.275,-2.714,0,0,
-6285.149,23,0.275,-2.55,0,0,
-6285.152,23,0.275,-2.077,0,0,
-6285.157,23,0.275,-2.714,0,0,
-6285.162,23,0.275,-2.293,0,0,
-6285.168,23,0.275,-2.576,0,0,
-6285.172,23,0.275,-3.015,0,0,
4535.1268,24,2.544,-0.993,26.2,26.9,
4541.0601,24,2.545,-1.143,24.4,21.9,
4545.945,24,0.94,-1.31,83.2,81.1,
4575.11,24,3.37,-1.004,8.7,8.6,
4600.75,24,1,-1.457,77.7,75.3,
4626.18,24,0.97,-1.467,79.6,78.7,
4700.5988,24,2.71,-1.255,10.4,10.3,
4708.0174,24,3.168,0.09,51.4,51.2,
4730.72,24,3.08,-0.345,40.4,40.4,
4745.2702,24,2.708,-1.38,11.9,11.4,
4767.86,24,3.56,-0.599,15.3,14.2,
4775.14,24,3.55,-1.025,7.2,7.5,
4789.3401,24,2.544,-0.348,60.5,59.5,
4801.0477,24,3.122,-0.131,47.8,46.6,
4885.7334,24,2.544,-1.055,23,22.4,
4936.3355,24,3.113,-0.237,41,41.2,
4953.7144,24,3.122,-1.48,3.6,3.8,
5214.14,24,3.37,-0.784,13.8,14.7,
5220.9127,24,3.385,-0.89,8.7,8.7,
5238.96,24,2.71,-1.43,12.4,12.6,
5272.0079,24,3.449,-0.421,21.1,20.7,
5287.2011,24,3.438,-0.888,9.1,9.3,
5296.691,24,0.983,-1.41,84.9,84.1,
5297.39,24,2.9,0,86.1,83.7,
5480.51,24,3.5,-0.92,9.6,10,
5781.1632,24,3.011,-1,12.3,12.6,
5783.073,24,3.232,-0.48,27.9,26.9,
5783.87,24,3.322,-0.29,39.2,37.6,
5785.0243,24,3.321,-0.38,29.5,29.3,
5787.93,24,3.322,-0.08,44.3,44.7,
6330.1,24,0.941,-2.9,17.9,16.9,
6661.08,24,4.19,-0.234,12.5,11.2,
6882.4772,24,3.438,-0.375,30.9,28.5,
4588.1997,24.1,4.071,-0.594,86.8,86.7,
4592.05,24.1,4.071,-1.252,59.4,60.3,
4616.628,24.1,4.073,-1.21,60.3,60.9,
4848.2365,24.1,3.864,-1.16,70.1,71.2,
4884.61,24.1,3.86,-2.069,26,27.5,
5237.328,24.1,4.073,-1.087,66.4,67.5,
5279.8769,24.1,4.073,-1.909,30,30.1,
5502.0678,24.1,4.168,-2.049,27.9,28.5,
4502.2041,25,2.9197,-0.61,50.9,50,
-4502.207,25,2.9197,-1.528,0,0,
-4502.208,25,2.9197,-2.745,0,0,
-4502.2109,25,2.9197,-0.75,0,0,
-4502.2129,25,2.9197,-2.393,0,0,
-4502.2129,25,2.9197,-1.352,0,0,
-4502.2158,25,2.9197,-0.908,0,0,
-4502.2173,25,2.9197,-1.326,0,0,
-4502.2178,25,2.9197,-2.268,0,0,
-4502.2197,25,2.9197,-2.347,0,0,
-4502.2197,25,2.9197,-1.393,0,0,
-4502.2197,25,2.9197,-1.092,0,0,
-4502.2222,25,2.9197,-1.569,0,0,
-4502.2222,25,2.9197,-1.314,0,0,
-4502.2227,25,2.9197,-1.599,0,0,
4671.6582,25,2.8884,-2.227,10.2,9.6,
-4671.665,25,2.8884,-3.145,0,0,
-4671.6709,25,2.8884,-4.362,0,0,
-4671.6758,25,2.8884,-2.367,0,0,
-4671.6821,25,2.8884,-2.969,0,0,
-4671.686,25,2.8884,-4.01,0,0,
-4671.6899,25,2.8884,-2.525,0,0,
-4671.6948,25,2.8884,-2.943,0,0,
-4671.6982,25,2.8884,-3.885,0,0,
-4671.7012,25,2.8884,-2.709,0,0,
-4671.7041,25,2.8884,-3.01,0,0,
-4671.707,25,2.8884,-3.964,0,0,
-4671.709,25,2.8884,-2.931,0,0,
-4671.7109,25,2.8884,-3.186,0,0,
-4671.7129,25,2.8884,-3.216,0,0,
4709.693,25,2.8884,-0.949,62.3,60.8,
-4709.698,25,2.8884,-1.94,0,0,
-4709.701,25,2.8884,-1.94,0,0,
-4709.706,25,2.8884,-1.119,0,0,
-4709.711,25,2.8884,-1.758,0,0,
-4709.713,25,2.8884,-1.758,0,0,
-4709.717,25,2.8884,-1.304,0,0,
-4709.721,25,2.8884,-1.727,0,0,
-4709.723,25,2.8884,-1.727,0,0,
-4709.726,25,2.8884,-1.496,0,0,
-4709.729,25,2.8884,-1.792,0,0,
-4709.73,25,2.8884,-1.792,0,0,
-4709.733,25,2.8884,-1.671,0,0,
-4709.735,25,2.8884,-1.99,0,0,
-4709.736,25,2.8884,-1.99,0,0,
-4709.737,25,2.8884,-1.735,0,0,
4739.072,25,2.941,-1.518,58.2,54.9,
-4739.072,25,2.941,-1.041,0,0,
-4739.088,25,2.941,-1.416,0,0,
-4739.088,25,2.941,-1.59,0,0,
-4739.088,25,2.941,-1.518,0,0,
-4739.1,25,2.941,-1.416,0,0,
-4739.101,25,2.941,-1.548,0,0,
-4739.101,25,2.941,-3.125,0,0,
-4739.109,25,2.941,-1.916,0,0,
-4739.109,25,2.941,-1.548,0,0,
5377.564,25,3.8437,-1.478,48.4,44.9,
-5377.5762,25,3.8437,-1.302,0,0,
-5377.5762,25,3.8437,-1.068,0,0,
-5377.582,25,3.8437,-1.624,0,0,
-5377.5938,25,3.8437,-1.147,0,0,
-5377.5957,25,3.8437,-0.795,0,0,
-5377.6064,25,3.8437,-1.67,0,0,
-5377.6201,25,3.8437,-1.126,0,0,
-5377.626,25,3.8437,-0.583,0,0,
-5377.6377,25,3.8437,-1.846,0,0,
-5377.6553,25,3.8437,-1.272,0,0,
-5377.6782,25,3.8437,-2.226,0,0,
5394.6191,25,0,-4.067,49.7,45.5,
-5394.6509,25,0,-4.985,0,0,
-5394.6538,25,0,-4.207,0,0,
-5394.6772,25,0,-6.202,0,0,
-5394.6807,25,0,-4.809,0,0,
-5394.6831,25,0,-4.365,0,0,
-5394.7021,25,0,-5.85,0,0,
-5394.7051,25,0,-4.783,0,0,
-5394.707,25,0,-4.549,0,0,
-5394.7212,25,0,-5.725,0,0,
-5394.7227,25,0,-4.85,0,0,
-5394.7246,25,0,-4.771,0,0,
-5394.7339,25,0,-5.804,0,0,
-5394.7358,25,0,-5.056,0,0,
-5394.7358,25,0,-5.026,0,0,
5399.45,25,3.85,-1.162,34.8,33.6,
-5399.455,25,3.85,-1.03,0,0,
-5399.465,25,3.85,-1.53,0,0,
-5399.465,25,3.85,-1.132,0,0,
-5399.478,25,3.85,-2.74,0,0,
-5399.494,25,3.85,-1.162,0,0,
-5399.497,25,3.85,-1.204,0,0,
-5399.521,25,3.85,-1.03,0,0,
-5399.522,25,3.85,-0.655,0,0,
-5399.555,25,3.85,-1.132,0,0,
5413.5933,25,3.859,-1.81,20.3,20,
-5413.6279,25,3.859,-1.379,0,0,
-5413.6377,25,3.859,-1.266,0,0,
-5413.6577,25,3.859,-1.266,0,0,
-5413.6968,25,3.859,-0.902,0,0,
-5413.7017,25,3.859,-1.363,0,0,
6013.52,25,3.073,-0.765,76.1,72.3,
-6013.545,25,3.073,-0.977,0,0,
-6013.567,25,3.073,-1.25,0,0,
-6013.573,25,3.073,-1.454,0,0,
-6013.584,25,3.073,-1.66,0,0,
-6013.587,25,3.073,-1.308,0,0,
-6013.598,25,3.073,-1.329,0,0,
-6013.605,25,3.073,-1.484,0,0,
-6013.615,25,3.073,-2.408,0,0,
-6013.615,25,3.073,-1.806,0,0,
-6013.619,25,3.073,-2.028,0,0,
-6013.619,25,3.073,-1.852,0,0,
6016.613,25,3.073,-1.444,87.5,85.1,
-6016.64,25,3.073,-0.666,0,0,
-6016.64,25,3.073,-1.281,0,0,
-6016.661,25,3.073,-1.276,0,0,
-6016.662,25,3.073,-0.929,0,0,
-6016.678,25,3.073,-1.378,0,0,
-6016.679,25,3.073,-1.26,0,0,
-6016.689,25,3.073,-1.444,0,0,
-6016.69,25,3.073,-1.707,0,0,
-6016.691,25,3.073,-1.64,0,0,
-6016.697,25,3.073,-2.406,0,0,
-6016.701,25,3.073,-1.281,0,0,
-6016.707,25,3.073,-1.64,0,0,
-6016.708,25,3.073,-1.276,0,0,
-6016.709,25,3.073,-1.378,0,0,
6021.746,25,3.075,-2.668,88.4,86.7,
-6021.772,25,3.075,-1.451,0,0,
-6021.774,25,3.075,-2.316,0,0,
-6021.795,25,3.075,-1.275,0,0,
-6021.798,25,3.075,-2.191,0,0,
-6021.804,25,3.075,-0.533,0,0,
-6021.813,25,3.075,-1.249,0,0,
-6021.817,25,3.075,-2.271,0,0,
-6021.821,25,3.075,-0.673,0,0,
-6021.827,25,3.075,-1.316,0,0,
-6021.834,25,3.075,-0.831,0,0,
-6021.837,25,3.075,-1.492,0,0,
-6021.843,25,3.075,-1.015,0,0,
-6021.846,25,3.075,-1.522,0,0,
-6021.847,25,3.075,-1.237,0,0,
4792.8604,27,3.2524,-0.921,25.1,24.9,
-4792.7988,27,3.2524,-2.734,0,0,
-4792.814,27,3.2524,-2.324,0,0,
-4792.8242,27,3.2524,-1.62,0,0,
-4792.8271,27,3.2524,-2.102,0,0,
-4792.834,27,3.2524,-1.424,0,0,
-4792.8379,27,3.2524,-1.977,0,0,
-4792.8428,27,3.2524,-1.37,0,0,
-4792.8477,27,3.2524,-1.926,0,0,
-4792.8501,27,3.2524,-1.392,0,0,
-4792.854,27,3.2524,-0.78,0,0,
-4792.856,27,3.2524,-1.956,0,0,
-4792.856,27,3.2524,-1.483,0,0,
-4792.8604,27,3.2524,-1.671,0,0,
-4792.8643,27,3.2524,-1.085,0,0,
-4792.8672,27,3.2524,-1.283,0,0,
-4792.8682,27,3.2524,-1.926,0,0,
-4792.8682,27,3.2524,-1.538,0,0,
4813.478,27,3.2158,-0.601,37.6,36.9,
-4813.3979,27,3.2158,-2.805,0,0,
-4813.416,27,3.2158,-2.407,0,0,
-4813.4321,27,3.2158,-2.203,0,0,
-4813.4321,27,3.2158,-1.504,0,0,
-4813.4453,27,3.2158,-1.293,0,0,
-4813.4468,27,3.2158,-2.106,0,0,
-4813.4561,27,3.2158,-1.22,0,0,
-4813.459,27,3.2158,-2.106,0,0,
-4813.4658,27,3.2158,-1.214,0,0,
-4813.4697,27,3.2158,-2.261,0,0,
-4813.4712,27,3.2158,-0.496,0,0,
-4813.4727,27,3.2158,-1.261,0,0,
-4813.479,27,3.2158,-1.366,0,0,
-4813.4829,27,3.2158,-1.562,0,0,
-4813.4854,27,3.2158,-0.717,0,0,
-4813.4893,27,3.2158,-0.846,0,0,
-4813.4902,27,3.2158,-1.629,0,0,
-4813.4922,27,3.2158,-0.992,0,0,
-4813.4932,27,3.2158,-1.366,0,0,
-4813.4932,27,3.2158,-1.162,0,0,
5212.687,27,3.5144,-1.103,15.2,15.3,
-5212.591,27,3.5144,-1.882,0,0,
-5212.618,27,3.5144,-1.667,0,0,
-5212.642,27,3.5144,-1.59,0,0,
-5212.649,27,3.5144,-0.819,0,0,
-5212.664,27,3.5144,-1.579,0,0,
-5212.669,27,3.5144,-0.955,0,0,
-5212.683,27,3.5144,-1.622,0,0,
-5212.7,27,3.5144,-1.725,0,0,
-5212.701,27,3.5144,-1.262,0,0,
-5212.713,27,3.5144,-1.431,0,0,
-5212.714,27,3.5144,-1.946,0,0,
-5212.722,27,3.5144,-1.598,0,0,
-5212.728,27,3.5144,-1.882,0,0,
-5212.729,27,3.5144,-1.736,0,0,
-5212.734,27,3.5144,-1.75,0,0,
-5212.738,27,3.5144,-1.667,0,0,
-5212.745,27,3.5144,-1.59,0,0,
-5212.748,27,3.5144,-1.946,0,0,
-5212.75,27,3.5144,-1.579,0,0,
-5212.751,27,3.5144,-1.725,0,0,
-5212.752,27,3.5144,-1.622,0,0,
5280.6221,27,3.629,-0.808,14.5,14.1,
-5280.5322,27,3.629,-3.012,0,0,
-5280.5591,27,3.629,-2.614,0,0,
-5280.5659,27,3.629,-1.711,0,0,
-5280.583,27,3.629,-2.41,0,0,
-5280.5879,27,3.629,-1.5,0,0,
-5280.603,27,3.629,-2.313,0,0,
-5280.605,27,3.629,-0.703,0,0,
-5280.606,27,3.629,-1.427,0,0,
-5280.6201,27,3.629,-2.313,0,0,
-5280.6221,27,3.629,-1.421,0,0,
-5280.6343,27,3.629,-2.468,0,0,
-5280.6343,27,3.629,-1.468,0,0,
-5280.6348,27,3.629,-0.924,0,0,
-5280.644,27,3.629,-1.573,0,0,
-5280.6455,27,3.629,-1.053,0,0,
-5280.6499,27,3.629,-1.769,0,0,
-5280.6533,27,3.629,-1.199,0,0,
-5280.6582,27,3.629,-1.836,0,0,
-5280.6582,27,3.629,-1.369,0,0,
-5280.6592,27,3.629,-1.573,0,0,
5342.706,27,4.021,-0.187,28.5,28.1,
-5342.693,27,4.021,-0.743,0,0,
-5342.693,27,4.021,-0.66,0,0,
-5342.693,27,4.021,-0.574,0,0,
-5342.694,27,4.021,-0.49,0,0,
-5342.696,27,4.021,-0.408,0,0,
-5342.699,27,4.021,-0.331,0,0,
-5342.701,27,4.021,-1.468,0,0,
-5342.702,27,4.021,-0.257,0,0,
-5342.704,27,4.021,-1.25,0,0,
-5342.707,27,4.021,-1.156,0,0,
-5342.712,27,4.021,-1.124,0,0,
-5342.713,27,4.021,-2.681,0,0,
-5342.716,27,4.021,-1.144,0,0,
-5342.718,27,4.021,-2.447,0,0,
-5342.722,27,4.021,-1.231,0,0,
-5342.725,27,4.021,-2.401,0,0,
-5342.728,27,4.021,-1.454,0,0,
-5342.732,27,4.021,-2.468,0,0,
-5342.739,27,4.021,-2.651,0,0,
-5342.748,27,4.021,-3.033,0,0,
5352.0361,27,3.5763,-0.728,19.6,19.1,
-5351.8926,27,3.5763,-3.244,0,0,
-5351.9248,27,3.5763,-2.855,0,0,
-5351.9531,27,3.5763,-2.663,0,0,
-5351.9531,27,3.5763,-1.791,0,0,
-5351.9756,27,3.5763,-1.573,0,0,
-5351.978,27,3.5763,-2.583,0,0,
-5351.9971,27,3.5763,-1.491,0,0,
-5352,27,3.5763,-2.611,0,0,
-5352.0146,27,3.5763,-1.475,0,0,
-5352.019,27,3.5763,-2.818,0,0,
-5352.0205,27,3.5763,-0.644,0,0,
-5352.0288,27,3.5763,-1.511,0,0,
-5352.041,27,3.5763,-1.607,0,0,
-5352.0488,27,3.5763,-0.818,0,0,
-5352.0503,27,3.5763,-1.818,0,0,
-5352.0586,27,3.5763,-0.914,0,0,
-5352.0659,27,3.5763,-1.018,0,0,
-5352.0698,27,3.5763,-1.366,0,0,
-5352.0698,27,3.5763,-1.13,0,0,
-5352.0723,27,3.5763,-1.248,0,0,
5359.1968,27,4.1494,-0.983,8.5,8.3,
-5359.1885,27,4.1494,-0.633,0,0,
-5359.1914,27,4.1494,-0.738,0,0,
-5359.1938,27,4.1494,-0.854,0,0,
-5359.1997,27,4.1494,-1.129,0,0,
-5359.2041,27,4.1494,-1.299,0,0,
-5359.207,27,4.1494,-1.503,0,0,
-5359.21,27,4.1494,-1.766,0,0,
-5359.2139,27,4.1494,-1.699,0,0,
-5359.2139,27,4.1494,-1.503,0,0,
-5359.2148,27,4.1494,-1.398,0,0,
-5359.2148,27,4.1494,-1.351,0,0,
-5359.2158,27,4.1494,-1.357,0,0,
-5359.2158,27,4.1494,-1.43,0,0,
-5359.2168,27,4.1494,-1.641,0,0,
-5359.2212,27,4.1494,-2.398,0,0,
-5359.2246,27,4.1494,-2.243,0,0,
-5359.2295,27,4.1494,-2.243,0,0,
-5359.2339,27,4.1494,-2.34,0,0,
-5359.2383,27,4.1494,-2.544,0,0,
-5359.2422,27,4.1494,-2.942,0,0,
5483.354,27,1.7104,-2.425,32.6,31.2,
-5483.309,27,1.7104,-2.12,0,0,
-5483.334,27,1.7104,-2.261,0,0,
-5483.344,27,1.7104,-2.961,0,0,
-5483.363,27,1.7104,-2.764,0,0,
-5483.37,27,1.7104,-2.623,0,0,
-5483.372,27,1.7104,-4.074,0,0,
-5483.378,27,1.7104,-2.71,0,0,
-5483.383,27,1.7104,-2.878,0,0,
-5483.387,27,1.7104,-3.664,0,0,
-5483.389,27,1.7104,-2.732,0,0,
-5483.393,27,1.7104,-3.266,0,0,
-5483.397,27,1.7104,-2.822,0,0,
-5483.397,27,1.7104,-3.442,0,0,
-5483.402,27,1.7104,-3.011,0,0,
-5483.403,27,1.7104,-3.317,0,0,
-5483.407,27,1.7104,-3.296,0,0,
-5483.407,27,1.7104,-3.266,0,0,
5530.776,27,1.711,-3.165,10.7,10,
-5530.734,27,1.711,-2.86,0,0,
-5530.757,27,1.711,-3.001,0,0,
-5530.767,27,1.711,-3.7,0,0,
-5530.785,27,1.711,-3.504,0,0,
-5530.791,27,1.711,-3.363,0,0,
-5530.794,27,1.711,-4.814,0,0,
-5530.799,27,1.711,-3.45,0,0,
-5530.803,27,1.711,-3.618,0,0,
-5530.808,27,1.711,-4.404,0,0,
-5530.809,27,1.711,-3.472,0,0,
-5530.812,27,1.711,-4.006,0,0,
-5530.816,27,1.711,-3.563,0,0,
-5530.817,27,1.711,-4.182,0,0,
-5530.82,27,1.711,-3.751,0,0,
-5530.822,27,1.711,-4.057,0,0,
-5530.825,27,1.711,-4.006,0,0,
-5530.825,27,1.711,-4.036,0,0,
5647.232,27,2.28,-2.626,9.5,9.3,
-5647.207,27,2.28,-2.127,0,0,
-5647.22,27,2.28,-2.343,0,0,
-5647.239,27,2.28,-2.753,0,0,
-5647.243,27,2.28,-3.065,0,0,
-5647.246,27,2.28,-2.592,0,0,
-5647.253,27,2.28,-2.6,0,0,
-5647.259,27,2.28,-2.764,0,0,
-5647.265,27,2.28,-3.618,0,0,
-5647.267,27,2.28,-3.19,0,0,
-5647.269,27,2.28,-2.764,0,0,
-5647.269,27,2.28,-2.94,0,0,
6082.4214,27,3.5144,-1.989,8.4,8.7,
-6082.3149,27,3.5144,-2.356,0,0,
-6082.3198,27,3.5144,-2.135,0,0,
-6082.3247,27,3.5144,-2.16,0,0,
-6082.3296,27,3.5144,-2.032,0,0,
-6082.335,27,3.5144,-2.146,0,0,
-6082.3447,27,3.5144,-2.356,0,0,
-6082.3462,27,3.5144,-1.989,0,0,
-6082.3496,27,3.5144,-2.008,0,0,
-6082.3652,27,3.5144,-2.135,0,0,
-6082.3657,27,3.5144,-2,0,0,
-6082.3711,27,3.5144,-1.841,0,0,
-6082.3901,27,3.5144,-2.032,0,0,
-6082.3921,27,3.5144,-2.077,0,0,
-6082.3965,27,3.5144,-1.672,0,0,
-6082.4219,27,3.5144,-2.292,0,0,
-6082.4263,27,3.5144,-1.513,0,0,
-6082.4561,27,3.5144,-2,0,0,
-6082.4609,27,3.5144,-1.365,0,0,
-6082.4956,27,3.5144,-2.077,0,0,
-6082.502,27,3.5144,-1.229,0,0,
-6082.541,27,3.5144,-2.292,0,0,
6093.1484,27,1.7403,-3.468,4.4,4.2,
-6093.0952,27,1.7403,-3.457,0,0,
-6093.1157,27,1.7403,-3.046,0,0,
-6093.124,27,1.7403,-3.343,0,0,
-6093.1392,27,1.7403,-3.662,0,0,
-6093.1597,27,1.7403,-3.457,0,0,
-6093.1738,27,1.7403,-3.644,0,0,
-6093.1738,27,1.7403,-3.343,0,0,
-6093.1846,27,1.7403,-3.468,0,0,
6188.925,27,1.71,-3.805,5.2,4.9,
-6188.937,27,1.71,-3.106,0,0,
-6188.968,27,1.71,-3.624,0,0,
-6188.979,27,1.71,-3.398,0,0,
-6188.991,27,1.71,-3.805,0,0,
-6189.003,27,1.71,-3.593,0,0,
-6189.012,27,1.71,-3.804,0,0,
-6189.024,27,1.71,-3.624,0,0,
-6189.03,27,1.71,-3.657,0,0,
-6189.038,27,1.71,-4.521,0,0,
-6189.048,27,1.71,-3.593,0,0,
-6189.052,27,1.71,-3.856,0,0,
-6189.057,27,1.71,-5.764,0,0,
-6189.065,27,1.71,-3.657,0,0,
-6189.069,27,1.71,-4.111,0,0,
-6189.075,27,1.71,-3.856,0,0,
6454.946,27,3.632,-1.4194,9.2,9.2,
-6454.934,27,3.632,-2.0562,0,0,
-6454.944,27,3.632,-1.9892,0,0,
-6454.933,27,3.632,-1.7929,0,0,
-6454.965,27,3.632,-2.6882,0,0,
-6454.954,27,3.632,-1.7929,0,0,
-6454.937,27,3.632,-1.5888,0,0,
-6454.985,27,3.632,-2.5333,0,0,
-6454.968,27,3.632,-1.6882,0,0,
-6455.01,27,3.632,-2.5333,0,0,
-6454.987,27,3.632,-1.6412,0,0,
-6454.959,27,3.632,-1.2732,0,0,
-6455.04,27,3.632,-2.6302,0,0,
-6455.012,27,3.632,-1.6468,0,0,
-6454.978,27,3.632,-1.1441,0,0,
-6455.074,27,3.632,-2.8343,0,0,
-6455.041,27,3.632,-1.7204,0,0,
-6455.002,27,3.632,-1.0282,0,0,
-6455.114,27,3.632,-3.2323,0,0,
-6455.075,27,3.632,-1.9312,0,0,
-6455.03,27,3.632,-0.9226,0,0,
6814.9688,27,1.9557,-3.026,12.2,11.5,
-6814.8887,27,1.9557,-2.839,0,0,
-6814.915,27,1.9557,-2.725,0,0,
-6814.9238,27,1.9557,-2.428,0,0,
-6814.936,27,1.9557,-2.85,0,0,
-6814.9434,27,1.9557,-3.044,0,0,
-6814.978,27,1.9557,-2.839,0,0,
-6814.9873,27,1.9557,-2.725,0,0,
-6814.9907,27,1.9557,-2.85,0,0,
4811.9772,28,3.658,-1.592,22.6,21.3,
4814.5979,28,3.597,-1.62,13.4,14.3,
4831.18,28,3.61,-0.32,70.7,71,
4853.78,28,3.543,-1.55,19.9,20,
4857.395,28,3.74,-0.83,45.2,42.7,
4886.7108,28,3.706,-1.78,11.3,10.6,
4904.42,28,3.54,-0.25,87,84.5,
4946.04,28,3.8,-1.224,23.8,23.6,
4952.29,28,3.61,-1.261,30.8,29.8,
4953.21,28,3.74,-0.58,52.4,51.6,
4976.1348,28,3.606,-1.25,28.1,27.6,
4995.66,28,3.63,-1.611,17,16.2,
4998.22,28,3.606,-0.69,54.6,52.9,
5010.94,28,3.63,-0.901,46.6,45.4,
5082.35,28,3.658,-0.59,62.9,62.2,
5094.42,28,3.833,-1.07,27.8,27,
5102.97,28,1.68,-2.66,41.3,40.3,
5115.4,28,3.834,-0.28,78.2,76.5,
5157.9805,28,3.606,-1.51,15.1,15.6,
5392.33,28,4.15,-1.32,10.4,11.4,
5435.86,28,1.99,-2.432,43.6,42,
5462.5,28,3.85,-0.88,40.5,40.9,
5468.11,28,3.85,-1.66,10,10.6,
5578.729,28,1.677,-2.57,44.9,43.9,
5587.87,28,1.93,-2.44,46.6,45.7,
5589.36,28,3.9,-1.148,24.6,23.6,
5593.746,28,3.899,-0.78,39.2,38.5,
5625.32,28,4.09,-0.731,36.8,36.3,
5638.75,28,3.9,-1.699,8.8,8.7,
5641.88,28,4.11,-1.017,24.6,22.5,
5643.08,28,4.16,-1.234,13.9,13,
5694.99,28,4.09,-0.629,42.3,41.9,
5748.36,28,1.68,-3.24,20.7,19.1,
5754.67,28,1.93,-1.85,65.9,63.1,
5805.22,28,4.168,-0.62,39.4,39.6,
5847.01,28,1.676,-3.41,16.2,16.2,
5996.74,28,4.236,-1.01,20.3,18.8,
6007.317,28,1.677,-3.41,19.6,17.9,
6086.288,28,4.266,-0.46,42.5,41.9,
6108.12,28,1.68,-2.43,55.4,53.3,
6111.08,28,4.088,-0.81,32.6,31.6,
6130.14,28,4.266,-0.94,20.5,20,
6175.37,28,4.089,-0.55,49.2,48.1,
6186.717,28,4.106,-0.88,28.4,28.4,
6204.6048,28,4.088,-1.1,19.9,20.2,
6223.9914,28,4.105,-1.052,26.7,25.6,
-6223.971,28,4.105,-1.466,0,0,
6230.1,28,4.11,-1.132,20.1,18.9,
6314.668,28,1.936,-2,71.7,70.6,
6327.6,28,1.68,-3.06,28.9,27.9,
6378.258,28,4.154,-0.972,31,30.4,
-6378.2328,28,4.154,-1.386,0,0,
6635.13,28,4.42,-0.72,22.2,21.6,
6643.64,28,1.676,-2.03,82.5,80.5,
6767.78,28,1.83,-2.1,72.3,70.9,
6772.32,28,3.658,-0.97,46.2,45,
6813.61,28,5.34,-0.33,13,12.2,
5105.558,29,1.39,-2.102,77.4,74.4,
-5105.505,29,1.39,-3.88,0,0,
-5105.509,29,1.39,-2.926,0,0,
-5105.511,29,1.39,-2.88,0,0,
-5105.512,29,1.39,-4.056,0,0,
-5105.517,29,1.39,-2.813,0,0,
-5105.52,29,1.39,-2.558,0,0,
-5105.531,29,1.39,-2.91,0,0,
-5105.536,29,1.39,-2.308,0,0,
-5105.503,29,1.39,-4.232,0,0,
-5105.506,29,1.39,-3.277,0,0,
-5105.509,29,1.39,-3.232,0,0,
-5105.51,29,1.39,-4.408,0,0,
-5105.515,29,1.39,-3.165,0,0,
-5105.519,29,1.39,-2.909,0,0,
-5105.53,29,1.39,-3.262,0,0,
-5105.536,29,1.39,-2.659,0,0,
-5105.56,29,1.39,-2.453,0,0,
5218.202,29,3.816,-0.316,51.8,50.4,
-5218.191,29,3.816,-1.094,0,0,
-5218.193,29,3.816,-1.14,0,0,
-5218.193,29,3.816,-0.772,0,0,
-5218.196,29,3.816,-2.094,0,0,
-5218.196,29,3.816,-1.027,0,0,
-5218.196,29,3.816,-0.522,0,0,
-5218.202,29,3.816,-2.27,0,0,
-5218.202,29,3.816,-1.124,0,0,
-5218.19,29,3.816,-1.446,0,0,
-5218.192,29,3.816,-1.491,0,0,
-5218.192,29,3.816,-1.123,0,0,
-5218.196,29,3.816,-2.446,0,0,
-5218.196,29,3.816,-1.379,0,0,
-5218.196,29,3.816,-0.874,0,0,
-5218.202,29,3.816,-2.622,0,0,
-5218.202,29,3.816,-1.475,0,0,
-5218.202,29,3.816,-0.667,0,0,
4810.534,30,4.08,-0.16,76.8,75.9,
6362.347,30,5.8,0.14,23.3,23.2,
4607.338,38,0,0.283,42.3,40.3,
4854.867,39.1,0.9923,-0.857,52.6,50.9,
-4854.867,39.1,0.9923,-0.602,0,0,
-4854.868,39.1,0.9923,-1.556,0,0,
4883.685,39.1,1.0841,-0.298,67.7,65.2,
-4883.685,39.1,1.0841,-1.729,0,0,
-4883.685,39.1,1.0841,-0.185,0,0,
4900.11,39.1,1.0326,-0.488,66.1,64.9,
-4900.11,39.1,1.0326,-1.634,0,0,
-4900.11,39.1,1.0326,-0.333,0,0,
5119.1108,39.1,0.9923,-2.904,18.3,17.4,
-5119.1118,39.1,0.9923,-1.758,0,0,
-5119.1128,39.1,0.9923,-1.603,0,0,
5200.411,39.1,0.9923,-1.968,44.9,44.4,
-5200.413,39.1,0.9923,-1.014,0,0,
-5200.413,39.1,0.9923,-0.822,0,0,
-5200.414,39.1,0.9923,-1.968,0,0,
5402.7729,39.1,1.839,-1.984,17.2,17.4,
-5402.7739,39.1,1.839,-0.838,0,0,
-5402.7754,39.1,1.839,-0.683,0,0,
5112.28,40.1,1.66,-0.59,11.2,11.3,
5853.696,56.1,0.604,-2.915,73.7,71.7,
-5853.697,56.1,0.604,-2.857,0,0,
-5853.697,56.1,0.604,-3.148,0,0,
-5853.698,56.1,0.604,-3.09,0,0,
-5853.699,56.1,0.604,-3.295,0,0,
-5853.699,56.1,0.604,-3.061,0,0,
-5853.7,56.1,0.604,-2.76,0,0,
-5853.7,56.1,0.604,-3.693,0,0,
-5853.7,56.1,0.604,-2.546,0,0,
-5853.7,56.1,0.604,-2.53,0,0,
-5853.7,56.1,0.604,-3.459,0,0,
-5853.7,56.1,0.604,-2.313,0,0,
-5853.7,56.1,0.604,-1.054,0,0,
-5853.7,56.1,0.604,-2.012,0,0,
-5853.7,56.1,0.604,-2.994,0,0,
-5853.701,56.1,0.604,-3.295,0,0,
-5853.702,56.1,0.604,-3.061,0,0,
-5853.703,56.1,0.604,-2.857,0,0,
-5853.703,56.1,0.604,-3.09,0,0,
-5853.704,56.1,0.604,-3.148,0,0,
-5853.704,56.1,0.604,-2.915,0,0,
6141.695,56.1,0.704,-3.641,131.7,128.4,
-6141.695,56.1,0.704,-3.407,0,0,
-6141.697,56.1,0.704,-2.495,0,0,
-6141.697,56.1,0.704,-2.261,0,0,
-6141.698,56.1,0.704,-3.465,0,0,
-6141.698,56.1,0.704,-3.231,0,0,
-6141.699,56.1,0.704,-1.686,0,0,
-6141.699,56.1,0.704,-1.453,0,0,
-6141.699,56.1,0.704,-2.398,0,0,
-6141.699,56.1,0.704,-2.164,0,0,
-6141.7,56.1,0.704,-1.7,0,0,
-6141.7,56.1,0.704,-0.224,0,0,
-6141.7,56.1,0.704,-1.182,0,0,
-6141.701,56.1,0.704,-1.892,0,0,
-6141.701,56.1,0.704,-1.659,0,0,
-6141.701,56.1,0.704,-2.51,0,0,
-6141.701,56.1,0.704,-2.277,0,0,
-6141.702,56.1,0.704,-1.909,0,0,
-6141.702,56.1,0.704,-2.465,0,0,
-6141.702,56.1,0.704,-2.143,0,0,
-6141.703,56.1,0.704,-2.231,0,0,
6496.9,56.1,0.604,-2,117.9,114.1,
-6496.906,56.1,0.604,-2.764,0,0,
-6496.907,56.1,0.604,-2.367,0,0,
-6496.889,56.1,0.604,-3.066,0,0,
-6496.91,56.1,0.604,-2.367,0,0,
-6496.892,56.1,0.604,-2.367,0,0,
-6496.896,56.1,0.604,-1.919,0,0,
-6496.9,56.1,0.604,-1.482,0,0,
-6496.906,56.1,0.604,-2.531,0,0,
-6496.908,56.1,0.604,-2.133,0,0,
-6496.888,56.1,0.604,-2.832,0,0,
-6496.912,56.1,0.604,-2.133,0,0,
-6496.891,56.1,0.604,-2.133,0,0,
-6496.896,56.1,0.604,-1.686,0,0,
-6496.9,56.1,0.604,-0.524,0,0,
4662.506,57.1,0,-1.763,7.2,7.1,
-4662.49,57.1,0,-2.252,0,0,
-4662.477,57.1,0,-2.951,0,0,
-4662.504,57.1,0,-2.056,0,0,
-4662.491,57.1,0,-2.136,0,0,
-4662.481,57.1,0,-2.511,0,0,
-4662.502,57.1,0,-2.511,0,0,
-4662.492,57.1,0,-2.256,0,0,
-4662.485,57.1,0,-2.24,0,0,
4748.715,57.1,0.9265,-1.229,4.2,4.2,
-4748.72,57.1,0.9265,-1.323,0,0,
-4748.724,57.1,0.9265,-1.424,0,0,
-4748.728,57.1,0.9265,-1.535,0,0,
-4748.729,57.1,0.9265,-2.31,0,0,
-4748.732,57.1,0.9265,-1.656,0,0,
-4748.732,57.1,0.9265,-2.095,0,0,
-4748.734,57.1,0.9265,-1.79,0,0,
-4748.734,57.1,0.9265,-2.017,0,0,
-4748.736,57.1,0.9265,-2.005,0,0,
-4748.737,57.1,0.9265,-1.938,0,0,
-4748.738,57.1,0.9265,-2.045,0,0,
-4748.739,57.1,0.9265,-2.096,0,0,
-4748.74,57.1,0.9265,-2.143,0,0,
-4748.741,57.1,0.9265,-2.348,0,0,
-4748.741,57.1,0.9265,-3.691,0,0,
-4748.742,57.1,0.9265,-3.297,0,0,
-4748.743,57.1,0.9265,-3.213,0,0,
-4748.743,57.1,0.9265,-3.029,0,0,
-4748.743,57.1,0.9265,-3.013,0,0,
-4748.743,57.1,0.9265,-3.1,0,0,
4073.474,58.1,0.477,0.21,19.5,18.1,
4523.08,58.1,0.51,0.04,15.1,14.5,
4562.359,58.1,0.477,0.21,25.1,23.1,
4628.16,58.1,0.52,0.23,20.6,19.1,
4773.96,58.1,0.92,0.25,10.5,9.7,
5274.229,58.1,1.044,0.13,10.8,10.3,
4021.33,60.1,0.32,-0.1,13.5,13.6,
4446.38,60.1,0.204,-0.35,10.6,10.3,
5092.8,60.1,0.38,-0.65,7.7,7.5,
4318.936,62.1,0.277,-0.25,9.2,8.9,
4467.341,62.1,0.659,0.15,12.9,12.6,
4519.63,62.1,0.543,-0.35,4.9,4.6,
4676.902,62.1,0.04,-0.87,5.1,4.7,
4129.609,63.1,0,-1.3353,52.5,50.4,
-4129.604,63.1,0,-1.8124,0,0,
-4129.631,63.1,0,-1.8124,0,0,
-4129.626,63.1,0,-1.2773,0,0,
-4129.62,63.1,0,-1.6161,0,0,
-4129.657,63.1,0,-1.6161,0,0,
-4129.65,63.1,0,-1.1469,0,0,
-4129.644,63.1,0,-1.5571,0,0,
-4129.689,63.1,0,-1.5571,0,0,
-4129.683,63.1,0,-0.9965,0,0,
-4129.677,63.1,0,-1.5937,0,0,
-4129.731,63.1,0,-1.5937,0,0,
-4129.725,63.1,0,-0.8454,0,0,
-4129.721,63.1,0,-1.7802,0,0,
-4129.782,63.1,0,-1.7802,0,0,
-4129.778,63.1,0,-0.701,0,0,
-4129.693,63.1,0,-1.3353,0,0,
-4129.687,63.1,0,-1.8124,0,0,
-4129.703,63.1,0,-1.8124,0,0,
-4129.696,63.1,0,-1.2773,0,0,
-4129.688,63.1,0,-1.6161,0,0,
-4129.71,63.1,0,-1.6161,0,0,
-4129.702,63.1,0,-1.1469,0,0,
-4129.696,63.1,0,-1.5571,0,0,
-4129.72,63.1,0,-1.5571,0,0,
-4129.713,63.1,0,-0.9965,0,0,
-4129.712,63.1,0,-1.5937,0,0,
-4129.735,63.1,0,-1.5937,0,0,
-4129.733,63.1,0,-0.8454,0,0,
-4129.739,63.1,0,-1.7802,0,0,
-4129.758,63.1,0,-1.7802,0,0,
-4129.765,63.1,0,-0.701,0,0,
6645.148,63.1,1.379,-1.2224,7.2,6.9,
-6645.151,63.1,1.379,-2.1309,0,0,
-6645.151,63.1,1.379,-3.5459,0,0,
-6645.137,63.1,1.379,-1.1397,0,0,
-6645.137,63.1,1.379,-1.936,0,0,
-6645.13,63.1,1.379,-3.3777,0,0,
-6645.123,63.1,1.379,-1.0555,0,0,
-6645.116,63.1,1.379,-1.8842,0,0,
-6645.099,63.1,1.379,-3.4503,0,0,
-6645.105,63.1,1.379,-0.9732,0,0,
-6645.088,63.1,1.379,-1.9293,0,0,
-6645.057,63.1,1.379,-3.7677,0,0,
-6645.084,63.1,1.379,-0.8938,0,0,
-6645.052,63.1,1.379,-2.1242,0,0,
-6645.057,63.1,1.379,-0.8178,0,0,
-6645.096,63.1,1.379,-1.2224,0,0,
-6645.119,63.1,1.379,-2.1309,0,0,
-6645.139,63.1,1.379,-3.5459,0,0,
-6645.092,63.1,1.379,-1.1397,0,0,
-6645.111,63.1,1.379,-1.936,0,0,
-6645.119,63.1,1.379,-3.3777,0,0,
-6645.088,63.1,1.379,-1.0555,0,0,
-6645.096,63.1,1.379,-1.8842,0,0,
-6645.083,63.1,1.379,-3.4503,0,0,
-6645.083,63.1,1.379,-0.9732,0,0,
-6645.07,63.1,1.379,-1.9293,0,0,
-6645.023,63.1,1.379,-3.7677,0,0,
-6645.075,63.1,1.379,-0.8938,0,0,
-6645.028,63.1,1.379,-2.1242,0,0,
-6645.059,63.1,1.379,-0.8178,0,0,
